{"accuracy": 0.5083333333333333, "precision": 0.43101947308132876, "recall": 0.5083333333333333, "rmse": 1.51020076771269}