{"accuracy": 0.4583333333333333, "precision": 0.3811664487067713, "recall": 0.4583333333333333, "rmse": 1.4955295884735949}